id,nome,dosagem,apresentacao,position
17292,ACETAZOLAMIDA 250 MG 1 CP,250 mg,1 cp,dummie
17293,ACICLOVIR 200 MG 1 CP,200 mg,1 cp,dummie
17296,ACIDO ACETILSALICILICO 100 MG 3 CP,100 mg,3 cp,dummie
17297,ACIDO ASCORBICO 500 MG 1 CP,500 mg,1 cp,dummie
17298,ACIDO FOLICO 5 MG 1 CP,5 mg,1 cp,dummie
21393,ALBENDAZOL 400 MG 1 CP,400 mg,1 cp,dummie
17301,ALOPURINOL 100 MG 1 CP,100 mg,1 cp,dummie
17302,AMIODARONA 200 MG 1 CP,200 mg,1 cp,dummie
17303,AMOXICILINA 500 MG 1 CP,500 mg,1 cp,dummie
17304,AMPICILINA 500 MG 1 CP,500 mg,1 cp,dummie
17306,ANLODIPINO 10 MG 1 CP,10 mg,1 cp,dummie
17307,ANLODIPINO 5 MG 1 CP,5 mg,1 cp,dummie
17308,ATENOLOL 25 MG 1 CP,25 mg,1 cp,dummie
17309,ATENOLOL 50 MG 1 CP,50 mg,1 cp,dummie
17310,ATENOLOL 50 MG 2 CP,50 mg,2 cp,dummie
20336,ATORVASTATINA 20 MG 1 CP,20 mg,1 cp,dummie
20479,ATORVASTATINA 20 MG 2 CP,20 mg,2 cp,dummie
18762,AZITROMICINA 500 MG 1 CP,500 mg,1 cp,dummie
19675,AZITROMICINA 500 MG 3 CP,500 mg,3 cp,dummie
17311,BACLOFENO 10 MG 1 CP,10 mg,1 cp,dummie
17312,BISACODIL 5 MG 1 CP,5 mg,1 cp,dummie
26482,BUDESONIDA 200 MCG 1 CAPS INALATORIA,200 mcg,1 caps inalatoria,dummie
27147,BUDESONIDA 200 MCG 2 CAPS INALATORIA,200 mcg,2 caps inalatoria,dummie
17315,"CABERGOLINA 0,5 MG 2 CP","0,5 mg",2 cp,dummie
17317,"CAPTOPRIL 12,5 MG 0,5 CP","12,5 mg",5 cp,dummie
17316,"CAPTOPRIL 12,5 MG 1 CP","12,5 mg",1 cp,dummie
29111,"CAPTOPRIL 25MG 0,5 CP",25mg,5 cp,dummie
29112,CAPTOPRIL 25 MG 1/4 CP,25 mg,4 cp,dummie
17318,CAPTOPRIL 25 MG 1 CP,25 mg,1 cp,dummie
17319,CAPTOPRIL 25 MG 2 CP,25 mg,2 cp,dummie
17469,CARBONATO DE CALCIO CAPSULA 500 MG 1 CP,500 mg,1 cp,dummie
17321,"CARVEDILOL 12,5 MG 1 CP","12,5 mg",1 cp,dummie
17322,"CARVEDILOL 3,125 MG 1 CP","3,125 mg",1 cp,dummie
17323,"CARVEDILOL 3,125 MG 2 CP","3,125 mg",2 cp,dummie
17324,CEFALEXINA 500 MG 1 CP,500 mg,1 cp,dummie
17325,CETOROLACO 10 MG 1 CP,10 mg,1 cp,dummie
19759,CIPROFIBRATO 100 MG 1 CP,100 mg,1 cp,dummie
17326,CIPROFLOXACINO 250 MG 1 CP,250 mg,1 cp,dummie
17327,CIPROFLOXACINO 250 MG 2 CP,250 mg,2 cp,dummie
26023,CIPROFLOXACINO 500 MG 1 CP,500 mg,1 cp,dummie
17329,"CLARITROMICINA 500 MG 0,5 CP",500 mg,5 cp,dummie
17328,CLARITROMICINA 500 MG 1 CP,500 mg,1 cp,dummie
17330,CLINDAMICINA 300 MG 1 CP,300 mg,1 cp,dummie
17331,CLINDAMICINA 300 MG 2 CP,300 mg,2 cp,dummie
26886,"CLONIDINA 0,10 MG 1CP","0,10 mg",1cp,dummie
17335,CLOPIDOGREL 75 MG 1 CP,75 mg,1 cp,dummie
17337,CLORETO DE POTASSIO 600 MG 1 CP,600 mg,1 cp,dummie
17338,CLORPROPAMIDA 250 MG 1 CP,250 mg,1 cp,dummie
17339,CLORTALIDONA 25 MG 1 CP,25 mg,1 cp,dummie
17342,"COLCHICINA 0,5 MG 1 CP","0,5 mg",1 cp,dummie
17343,COMPLEXO B 1 CP,1 cp,1 cp,dummie
17344,DESLORATADINA 5 MG 1 CP,5 mg,1 cp,dummie
28634,"DEXAMETASONA 4MG 0,5 CP",4mg,5 cp,dummie
17345,DEXAMETASONA 4 MG 1 CP,4 mg,1 cp,dummie
17349,DICLOFENACO SODICO 50 MG 1 CP,50 mg,1 cp,dummie
17351,"DIGOXINA 0,25 MG 1 CP","0,25 mg",1 cp,dummie
17352,DILTIAZEM 30 MG 1 CP,30 mg,1 cp,dummie
17353,DILTIAZEM 30 MG 2 CP,30 mg,2 cp,dummie
17354,DIMETICONA 40 MG 1 CP,40 mg,1 cp,dummie
17355,DIPIRONA +ADIFENINA+PROMETAZINA (500+10+5) MG 1 CP,500+10+5 mg,1 cp,dummie
17356,DIPIRONA SODICA 500 MG 1 CP,500 mg,1 cp,dummie
17357,DIPIRONA SODICA 500 MG 2 CP,500 mg,2 cp,dummie
19804,DOMPERIDONA 10MG 1CP,10mg,1cp,dummie
17358,DOXAZOSINA 2 MG 1 CP,2 mg,1 cp,dummie
27985,DOXICICLINA 100 MG 1CP,100 mg,1cp,dummie
17359,ENALAPRIL 5 MG 1 CP,5 mg,1 cp,dummie
17360,ENALAPRIL 5 MG 2 CP,5 mg,2 cp,dummie
17361,ENALAPRIL 5 MG 4 CP,5 mg,4 cp,dummie
20395,"ERGOMETRINA 0,2 MG 1 CP","0,2 mg",1 cp,dummie
17363,ESCOPOLAMINA 10 MG 1 CP,10 mg,1 cp,dummie
17362,ESCOPOLAMINA +DIPIRONA DRAGEA (10+250) MG 1 CP,10+250 mg,1 cp,dummie
28638,ESOMEPRAZOL MAGNESICO 20 MG 1 CP,20 mg,1 cp,dummie
17364,ESPIRONOLACTONA 100 MG 1 CP,100 mg,1 cp,dummie
17365,ESPIRONOLACTONA 25 MG 1 CP,25 mg,1 cp,dummie
17366,ESPIRONOLACTONA 25 MG 2 CP,25 mg,2 cp,dummie
17369,FLUCONAZOL 100 MG 1 CP,100 mg,1 cp,dummie
20473,FLUCONAZOL 150 MG 1 CP,150 mg,1 cp,dummie
17372,FOLINATO CALCICO 15 MG 1 CP,15 mg,1 cp,dummie
26548,FOLINATO CALCICO MANIPULADO 15 MG 1 CP,15 mg,1 cp,dummie
26483,FORMOTEROL 12 MCG 1 CAPS INALATORIA,12 mcg 1 caps,1 caps inalatoria,dummie
17374,"FUROSEMIDA 40 MG 0,5 CP",40 mg,5 cp,dummie
17373,FUROSEMIDA 40 MG 1 CP,40 mg,1 cp,dummie
17375,FUROSEMIDA 40 MG 2 CP,40 mg,2 cp,dummie
17378,"GLIBENCLAMIDA 5 MG 0,5 CP",5 mg,5 cp,dummie
17377,GLIBENCLAMIDA 5 MG 1 CP,5 mg,1 cp,dummie
17380,HIDRALAZINA 25 MG 1 CP,25 mg,1 cp,dummie
17381,HIDRALAZINA 25 MG 2 CP,25 mg,2 cp,dummie
17382,HIDRALAZINA 25 MG 4 CP,25 mg,4 cp,dummie
19946,HIDRALAZINA 50MG 1 CP,50mg,1 cp,dummie
19990,HIDRALAZINA 50 MG 2 CP,50 mg,2 cp,dummie
17383,HIDROCLOROTIAZIDA 25 MG 1 CP,25 mg,1 cp,dummie
18534,HIDROCLOROTIAZIDA 25 MG 2 CP,25 mg,2 cp,dummie
17384,HIDROCLOROTIAZIDA 50 MG 1 CP,50 mg,1 cp,dummie
17385,HIDROXICLOROQUINA 400 MG 1 CP,400 mg,1 cp,dummie
18944,HIDROXIZINA 25 MG 1 CP,25 mg,1 cp,dummie
17387,ISOSSORBIDA DINITRATO 5 MG 1 CP,5 mg,1 cp,dummie
17389,"ISOSSORBIDA MONONITRATO 20 MG 0,5 CP",20 mg,5 cp,dummie
17388,ISOSSORBIDA MONONITRATO 20 MG 1 CP,20 mg,1 cp,dummie
17390,ISOSSORBIDA MONONITRATO 20 MG 2 CP,20 mg,2 cp,dummie
17391,IVERMECTINA 6 MG 1 CP,6 mg,1 cp,dummie
17392,LEVODOPA +BENSERAZIDA (200+50) MG 1 CP,200+50 mg,1 cp,dummie
17393,"LEVODOPA +BENZERAZIDA (200+50) MG 0,5 CP",200+50 mg,5 cp,dummie
17466,LEVOFLOXACINO 500 MG 1 CP,500 mg,1 cp,dummie
17395,LOPERAMIDA 2 MG 1 CP,2 mg,1 cp,dummie
17397,LOSARTANA POTASSICA 50 MG 1 CP,50 mg,1 cp,dummie
17399,MESALAZINA 400 MG 1 CP,400 mg,1 cp,dummie
28031,MESALAZINA 800 MG 1 CP,800 mg,1 cp,dummie
17402,"METFORMINA 850 MG 0,5 CP",850 mg,5 cp,dummie
17401,METFORMINA 850 MG 1 CP,850 mg,1 cp,dummie
17403,METILDOPA 250 MG 1 CP,250 mg,1 cp,dummie
17404,METILDOPA 250 MG 2 CP,250 mg,2 cp,dummie
19705,METIMAZOL 5MG 1CP,5mg,1cp,dummie
28192,"METOCLOPRAMIDA 10MG 0,5 CP",10mg,5 cp,dummie
17406,METOCLOPRAMIDA 10 MG 1 CP,10 mg,1 cp,dummie
17407,METOPROLOL 100 MG 1 CP,100 mg,1 cp,dummie
17408,METRONIDAZOL 250 MG 1 CP,250 mg,1 cp,dummie
17409,METRONIDAZOL 250 MG 2 CP,250 mg,2 cp,dummie
17414,NAPROXENO 275 MG 1 CP,275 mg,1 cp,dummie
17468,NEOMICINA 500 MG 1 CP,500 mg,1 cp,dummie
27198,NIMODIPINO 30MG/CP 1CP,30mg/cp,1cp,dummie
17415,NITROFURANTOINA 100 MG 1 CP,100 mg,1 cp,dummie
17416,NORFLOXACINO 400 MG 1 CP,400 mg,1 cp,dummie
17418,OMEPRAZOL 20 MG 1 CP,20 mg,1 cp,dummie
17419,OMEPRAZOL 20 MG 2 CP,20 mg,2 cp,dummie
19679,OMEPRAZOL MAGNESICO 20 MG 1 CP,20 mg,1 cp,dummie
19520,"ONDANSETRONA 4 MG 0,5 CP",4 mg,5 cp,dummie
18899,ONDANSETRONA 4 MG 1 CP,4 mg,1 cp,dummie
18900,ONDANSETRONA 4 MG 2 CP,4 mg,2 cp,dummie
17424,PARACETAMOL 500 MG 1 CP,500 mg,1 cp,dummie
17425,PARACETAMOL 750 MG 1 CP,750 mg,1 cp,dummie
17426,PENTOXIFILINA 400 MG 1 CP,400 mg,1 cp,dummie
17427,PERMANGANATO DE POTASSIO 100 MG 1 CP,100 mg,1 cp,dummie
17923,PIRIDOXINA 50 MG 1 CP,50 mg,1 cp,dummie
17431,PIRIMETAMINA 25 MG 1 CP,25 mg,1 cp,dummie
17432,PREDNISONA 20 MG 1 CP,20 mg,1 cp,dummie
17433,PREDNISONA 20 MG 2 CP,20 mg,2 cp,dummie
17434,PREDNISONA 5 MG 1 CP,5 mg,1 cp,dummie
17435,PREDNISONA 5 MG 2 CP,5 mg,2 cp,dummie
17436,PROGESTERONA NATURAL MICRONIZADA 200 MG 1 CP,200 mg,1 cp,dummie
17438,PROPILTIOURACILA 100 MG 1 CP,100 mg,1 cp,dummie
17439,PROPRANOLOL 10 MG 1 CP,10 mg,1 cp,dummie
17440,PROPRANOLOL 10 MG 2 CP,10 mg,2 cp,dummie
17441,PROPRANOLOL 40 MG 1 CP,40 mg,1 cp,dummie
17442,PROPRANOLOL 40 MG 2 CP,40 mg,2 cp,dummie
17445,"SENE +TAMARINDO+ALCACUZ (400+19,5+19,5+9+4) MG 1 CP","400+19,5+19,5+9+4 mg",1 cp,dummie
17447,SINVASTATINA 10 MG 1 CP,10 mg,1 cp,dummie
17448,SINVASTATINA 20 MG 1 CP,20 mg,1 cp,dummie
17449,SINVASTATINA 20 MG 2 CP,20 mg,2 cp,dummie
17450,SULFADIAZINA 500 MG 1 CP,500 mg,1 cp,dummie
17451,SULFAMETOXAZOL + TRIMETOPRIMA (400+80) MG 1 CP,400+80 mg,1 cp,dummie
17452,SULFAMETOXAZOL + TRIMETOPRIMA (400+80) MG 2 CP,400+80 mg,2 cp,dummie
17454,SULFATO FERROSO 300 MG 1 CP,300 mg,1 cp,dummie
17456,TIAMINA 300 MG 1 CP,300 mg,1 cp,dummie
17457,TIROXINA SODICA 25 MCG 1 CP,25 mcg,1 cp,dummie
17458,TIROXINA SODICA 50 MCG 1 CP,50 mcg,1 cp,dummie
17461,"VARFARINA 2,5 MG 1 CP","2,5 mg",1 cp,dummie
17462,VARFARINA 5 MG 1 CP,5 mg,1 cp,dummie
17294,ACIDO ACETILSALICILICO 100 MG 1 CP,100 mg,1 cp,dummie
17295,ACIDO ACETILSALICILICO 100 MG 2 CP,100 mg,2 cp,dummie
